target,prediction
1,0.38461538461538464
1,0.38461538461538464
1,0.38461538461538464
0,0.38461538461538464
0,0.38461538461538464
0,0.38461538461538464
1,0.38461538461538464
0,0.38461538461538464
0,0.38461538461538464
0,0.38461538461538464
0,0.38461538461538464
1,0.38461538461538464
0,0.38461538461538464
0,0.38461538461538464
