prediction,target
13.0,13
2.000000000000055,2
6.9999999999999964,7
10.000000000000007,10
8.000000000000036,8
21.999999999999957,22
23.999999999999982,24
0.0,0
12.00000000000002,12
15.000000000000009,15
18.000000000000018,18
25.000000000000018,25
9.999999999999982,10
25.99999999999997,26
11.999999999999986,12
7.9999999999999964,8
15.00000000000002,15
