target,prediction
13.0,20.409981452696016
2.0,9.972400796400981
7.0,23.732711589345037
10.0,19.293015346935263
8.0,25.181091537935224
22.0,22.559954404626673
24.0,22.72019912564908
0.0,14.203600909731225
12.0,13.91186200592838
15.0,15.839969565895894
18.0,7.917046365654112
25.0,9.135378208117954
10.0,20.9317975967996
26.0,16.894894924430048
12.0,0.25944253319954313
8.0,11.436882428113432
15.0,17.38978468764926
