target,prediction
13.0,13.329723527990941
2.0,12.225115804747315
7.0,12.36483376089529
10.0,12.645328570704763
8.0,12.646566134695876
22.0,13.091050164431579
24.0,17.4752770474705
0.0,12.22635336873843
12.0,17.757009421271082
15.0,13.051525179686102
18.0,12.951332208283603
25.0,23.500334290843952
10.0,12.22635336873843
26.0,13.191243135834078
12.0,13.190005571842963
8.0,12.506848178547898
15.0,22.760519718654255
