target,prediction
1,0.0461330525250756
1,0.0954511961788002
1,0.2079113515304368
0,0.02088722008722157
0,0.624007466841154
0,0.20739823422961975
1,0.8173274613380771
0,0.5790698974475214
0,0.49820838403594975
0,0.051640671475559695
0,0.026975904034165755
1,0.6816694975924504
0,0.3780550674576393
0,0.022695152241428627
