target,prediction
1,0.358974358974359
1,0.358974358974359
1,0.358974358974359
0,0.358974358974359
0,0.358974358974359
0,0.358974358974359
1,0.358974358974359
0,0.358974358974359
0,0.358974358974359
0,0.358974358974359
0,0.358974358974359
1,0.358974358974359
0,0.358974358974359
0,0.358974358974359
