target,prediction
1,0.002502629675216172
1,0.06547933430546822
1,0.06474991069307608
0,0.006146811936095454
0,0.7663722406170195
0,0.14217001010697597
1,0.7629562848856549
0,0.9713754829610186
0,0.7565226240331454
0,0.2300159570263881
0,0.0030335295922492168
1,0.9800218571551091
0,0.8218269211937884
0,0.008566350691663008
