prediction,target
0.16141833001986527,1
0.2664964435956417,1
0.15784848615145072,1
0.09798988212759678,0
0.16583621884003663,0
0.16622954244032884,0
0.6327469089092352,1
0.2892212905944922,0
0.13223491246119523,0
0.12913487488642716,0
0.1304849027059017,0
0.8401776888431648,1
0.1465513595403769,0
0.10030685995633785,0
