target,prediction
13.0,13.0
2.0,2.000000000000055
7.0,6.9999999999999964
10.0,10.000000000000007
8.0,8.000000000000036
22.0,21.999999999999957
24.0,23.99999999999998
0.0,0.0
12.0,12.000000000000018
15.0,15.00000000000001
18.0,18.000000000000018
25.0,25.00000000000002
10.0,9.999999999999982
26.0,25.99999999999997
12.0,11.999999999999986
8.0,7.9999999999999964
15.0,15.00000000000002
