target,prediction
1,0.11677892
1,0.24287266
1,0.11249511
0,0.04066478
0,0.122080386
0,0.12255237
1,0.6823732
0,0.27014247
0,0.08175882
0,0.078038774
0,0.07965881
1,0.93129015
0,0.098938555
0,0.043445155
