target,prediction
13,12.8
2,6.647058823529412
7,6.647058823529412
10,12.8
8,6.647058823529412
22,12.8
24,12.8
0,6.647058823529412
12,6.647058823529412
15,12.8
18,12.8
25,25.153846153846153
10,6.647058823529412
26,23.0
12,12.8
8,6.647058823529412
15,25.153846153846153
