target,prediction
13.0,16.306574
2.0,4.4596715
7.0,9.326589
10.0,14.933845
8.0,9.789736
22.0,13.853742
24.0,14.622694
0.0,3.9774969
12.0,14.3871975
15.0,12.664255
18.0,16.52564
25.0,22.86696
10.0,7.741958
26.0,23.480528
12.0,14.740161
8.0,15.213664
15.0,22.500946
